<?xml version="1.0" encoding="UTF-8"?>
<project-private xmlns="http://www.netbeans.org/ns/project-private/1">
    <editor-bookmarks xmlns="http://www.netbeans.org/ns/editor-bookmarks/2" lastBookmarkId="0"/>
    <open-files xmlns="http://www.netbeans.org/ns/projectui-open-files/2">
        <group>
            <file>file:/C:/Users/Jake/InventoryManagement/src/controller/mainMenuController.java</file>
            <file>file:/C:/Users/Jake/InventoryManagement/src/controller/modifyProductFormController.java</file>
            <file>file:/C:/Users/Jake/InventoryManagement/src/model/Inventory.java</file>
            <file>file:/C:/Users/Jake/InventoryManagement/src/model/InventoryManagement.java</file>
            <file>file:/C:/Users/Jake/InventoryManagement/src/controller/addProductFormController.java</file>
        </group>
    </open-files>
</project-private>
